"EventId","EventRGBColor","EventKeyWords","EventCreationDate","EventLastUpdate","EventName(spa)","EventName(eng)","EventName(fre)","EventName(por)","EventDesc(spa)","EventDesc(eng)","EventDesc(fre)","EventDesc(por)"
"ACCIDENT","000009","ACCIDENTE","2007-11-21 00:00:00",2008-01-01 00:00:00,"Accidente","Accident","Accident","Accidente","Accidentes de transporte vehicular, férreo, aéreo o naviero. Se limita a aquellos inducidos por fenómenos naturales como deslizamientos, sismos, huracanes, lluvias, o condiciones atmosféricas adversas, etc. Incluye aquellos accidentes de transporte que generan escapes de sustancias tóxicas, cualquiera sea su causa. Palabras claves: accidente vehicular, accidente férreo, accidente aéreo, accidente naviero. ","Vehicular, rail, air or maritime transport accidents. This term is limited to those accidents resulting from natural phenomenon such as landslides, earthquakes, hurricanes, rainfall or adverse atmospheric conditions, etc. It includes those transport accidents which generate leaks of toxic substances, whatever the cause. Key words: vehicular accident, train accident, air accident, shipping accidents.","Vehicular, rail, air or maritime transport accidents. This term is limited to those accidents resulting from natural phenomenon such as landslides, earthquakes, hurricanes, rainfall or adverse atmospheric conditions, etc. It includes those transport accidents which generate leaks of toxic substances, whatever the cause. Key words: vehicular accident, train accident, air accident, shipping accidents.","Vehicular, rail, air or maritime transport accidents. This term is limited to those accidents resulting from natural phenomenon such as landslides, earthquakes, hurricanes, rainfall or adverse atmospheric conditions, etc. It includes those transport accidents which generate leaks of toxic substances, whatever the cause. Key words: vehicular accident, train accident, air accident, shipping accidents."
"AVALANCHE","E6E64C","AVALANCHA","2007-11-21 00:00:00",2008-01-01 00:00:00,"Alud","Avalanche","Avalanche","Avalanche","Desprendimiento de masas de hielo y/o nieve. Palabras claves: avalancha.","Fall or loosening of masses of ice and/or snow. Key words: avalanche.","Fall or loosening of masses of ice and/or snow. Key words: avalanche.","Fall or loosening of masses of ice and/or snow. Key words: avalanche."
"ALLUVION","FFFFFF","ALUVION","2007-11-21 00:00:00",2008-01-01 00:00:00,"Aluvión","Alluvium","Flash inondations","Flash inundação","Avenidas torrenciales con arrastre de grandes cantidades de material sólido (guijarros, gravas y bloques de rocas), aplicable a aquellas regiones secas o cauces secos en los que las lluvias ocasionales los producen. Palabras claves: avenida torrencial, huayco, lloclla.","Torrents of water which drag great quantities of solid material (pebbles, gravel and rocks). This term is applicable when referring to the effects of sudden rainfall on hitherto dry regions or dry riverbeds. Key words: torrent, mudslide, landslide.","Torrents of water which drag great quantities of solid material (pebbles, gravel and rocks). This term is applicable when referring to the effects of sudden rainfall on hitherto dry regions or dry riverbeds. Key words: torrent, mudslide, landslide.","Torrents of water which drag great quantities of solid material (pebbles, gravel and rocks). This term is applicable when referring to the effects of sudden rainfall on hitherto dry regions or dry riverbeds. Key words: torrent, mudslide, landslide."
"SPATE","4C1900","AVENIDA","2007-11-21 00:00:00",2008-01-01 00:00:00,"Avenida torrencial","Torrential flow","Torrentielles débit","Torrenciais fluxo","Flujo violento de agua en una cuenca, a veces reportado como creciente (súbita, rápida), o como torrente. Se aplica cuando en los reportes aparece como -avalancha-, cuando la avenida transporta troncos de árboles y/o abundantes sedimentos desde finos hasta bloques de roca. Pueden ser generados por lluvias, por ruptura de represamientos o por abundantes deslizamientos sobre una cuenca. Excluye los aludes, porque éstos implican desprendimiento de hielo o nieve. Palabras claves: creciente súbita o rápida, torrente.","Violent flow of water in a gorge, sometimes reported as a sudden rise or as a torrent. This term is applied, for example, when a –landslide- is reported, when the torrent carries tree trunks and/or abundant sediment, ranging from fine-grained to masses of rock. It may be caused by rainfall, rupture of a dam, or by abundant landslides in a gorge. It excludes avalanches, as these imply snow or ice fall. Key words: flash flood, rapids, ","Violent flow of water in a gorge, sometimes reported as a sudden rise or as a torrent. This term is applied, for example, when a –landslide- is reported, when the torrent carries tree trunks and/or abundant sediment, ranging from fine-grained to masses of rock. It may be caused by rainfall, rupture of a dam, or by abundant landslides in a gorge. It excludes avalanches, as these imply snow or ice fall. Key words: flash flood, rapids, ","Violent flow of water in a gorge, sometimes reported as a sudden rise or as a torrent. This term is applied, for example, when a –landslide- is reported, when the torrent carries tree trunks and/or abundant sediment, ranging from fine-grained to masses of rock. It may be caused by rainfall, rupture of a dam, or by abundant landslides in a gorge. It excludes avalanches, as these imply snow or ice fall. Key words: flash flood, rapids, "
"BIOLOGICAL","314004","BIOLOGICO","2007-11-21 00:00:00",2008-01-01 00:00:00,"Biológico","Biological migration or loss","Biologiques de migration ou de la perte","Biológicas migração ou perda","Mortandad o migración de especies biológicas. Pueden, en última instancia, estar asociados a contaminación o a cambios drásticos de parámetros ambientales. Un ejemplo es la -marea roja-, el calentamiento de las aguas por el fenómeno de El Niño o disminución de las cantidades óptimas de oxígeno por obstáculos que el ser humano impone a ciertas especies, como los diques o presas. ","Death or migration of biological species. This may be ultimately attributable to contamination or to drastic changes in environmental parameters. One example is the –red tide- the warming of waters due to the phenomenon of El Niño or the lessening of optimum amounts of oxygen due to obstacles imposed by humans, such as dams and barrages.","Death or migration of biological species. This may be ultimately attributable to contamination or to drastic changes in environmental parameters. One example is the –red tide- the warming of waters due to the phenomenon of El Niño or the lessening of optimum amounts of oxygen due to obstacles imposed by humans, such as dams and barrages.","Death or migration of biological species. This may be ultimately attributable to contamination or to drastic changes in environmental parameters. One example is the –red tide- the warming of waters due to the phenomenon of El Niño or the lessening of optimum amounts of oxygen due to obstacles imposed by humans, such as dams and barrages."
"POLLUTION","333333","CONTAMINACION","2007-11-21 00:00:00",2008-01-01 00:00:00,"Contaminación","Contamination","La contamination","Contaminação","Concentración de sustancias contaminantes en el aire, el agua o los suelos, con niveles perjudiciales para la salud humana, para cultivos o especies animales. ","Concentration of contaminating substances in the air, water or soil, at levels which are damaging to human, animal, or plant life.","Concentration of contaminating substances in the air, water or soil, at levels which are damaging to human, animal, or plant life.","Concentration of contaminating substances in the air, water or soil, at levels which are damaging to human, animal, or plant life."
"LANDSLIDE","AECF00","DESLIZAMIENTO","2007-11-21 00:00:00",2008-01-01 00:00:00,"Deslizamiento","Landslide","Glissement de terrain","Landslide","Movimiento de masa en la superficie terrestre. Palabras claves: derrumbe, asentamiento, corrimiento, reptación, desplazamiento, hundimiento, formación de grietas, colapso de cavernas o minas, caída de rocas, desprendimiento (lento o rápido) sobre vertientes o laderas, de masas de suelo o de rocas, -falla- en cortes o taludes de laderas, vías, canales, excavaciones.","Mass movement of the earth surface. Key words: landslide, subsidence or settling, drift, cave-in, crevice formation, collapse of caves or mines, rockfall, crumbling of earth or rocks (slowly or quickly) down slopes or hillsides, blockage of roads, channels, excavations.","Mass movement of the earth surface. Key words: landslide, subsidence or settling, drift, cave-in, crevice formation, collapse of caves or mines, rockfall, crumbling of earth or rocks (slowly or quickly) down slopes or hillsides, blockage of roads, channels, excavations.","Mass movement of the earth surface. Key words: landslide, subsidence or settling, drift, cave-in, crevice formation, collapse of caves or mines, rockfall, crumbling of earth or rocks (slowly or quickly) down slopes or hillsides, blockage of roads, channels, excavations."
"EPIDEMIC","808000","EPIDEMIA","2007-11-21 00:00:00",2008-01-01 00:00:00,"Epidemia","Epidemic","Épidémie","Epidemia","Enfermedad que ataca en una misma zona a uno o mas individuos (días, semanas, meses) excediendo la frecuencia esperada: como el cólera, la fiebre tifoidea, la peste bubónica, etc. Se debe tener en cuenta que la declaración de una epidemia depende de las condiciones endémicas de la misma y de la región. Palabras claves: enfermedad, endemia, pandemia.","Disease which attacks one or more individuals in the same area (over days, weeks, months) exceeding the expected frequency: such as cholera, typhoid fever, bubonic plague, etc. It should be taken into account that the declaration of an epidemic depends on the endemic conditions of the disease and the region. Key words: illness, endemic, pandemic.","Disease which attacks one or more individuals in the same area (over days, weeks, months) exceeding the expected frequency: such as cholera, typhoid fever, bubonic plague, etc. It should be taken into account that the declaration of an epidemic depends on the endemic conditions of the disease and the region. Key words: illness, endemic, pandemic.","Disease which attacks one or more individuals in the same area (over days, weeks, months) exceeding the expected frequency: such as cholera, typhoid fever, bubonic plague, etc. It should be taken into account that the declaration of an epidemic depends on the endemic conditions of the disease and the region. Key words: illness, endemic, pandemic."
"ERUPTION","FF0000","VOLCAN","2007-11-21 00:00:00",2008-01-01 00:00:00,"Actividad Volcánica","Volcanic Activity","Activité volcanique","Actividade vulcânica","Erupción o emisión de materias solidas, liquidas o gaseosas por aberturas o grietas de la corteza terrestre. Incluye erupciones de volcanes de lodo (diapiros), presentes en algunas regiones. Palabras claves: emisión de lava, emisión de vapor, emisión de ceniza, emisión de barro (lodo), emisión de agua, emisión de roca. ","Eruption or emission of solid material, liquid or gas through openings or fissures in the earth surface. Includes eruptions of volcanoes of mud (diapirs). Key words: lava emission, vapour emission, ash emission, mud or earth emission, water emission, rock emission.","Eruption or emission of solid material, liquid or gas through openings or fissures in the earth surface. Includes eruptions of volcanoes of mud (diapirs). Key words: lava emission, vapour emission, ash emission, mud or earth emission, water emission, rock emission.","Eruption or emission of solid material, liquid or gas through openings or fissures in the earth surface. Includes eruptions of volcanoes of mud (diapirs). Key words: lava emission, vapour emission, ash emission, mud or earth emission, water emission, rock emission."
"LEAK","808080","ESCAPE","2007-11-21 00:00:00",2008-01-01 00:00:00,"Escape","Leak","Fuite","Fuga","Derrame o fuga de sustancias tóxicas, líquidas, sólidas o gaseosas (p. ej. fuga de gas propano), radioactivas o no, por ejemplo generados por accidentes tecnológicos, por error humano o negligencia.","Seepage or escape of toxic and/or radioactive substances, liquids, solids or gases (e.g., gas leak). This may be caused by technological accidents, by human error or negligence.","Seepage or escape of toxic and/or radioactive substances, liquids, solids or gases (e.g., gas leak). This may be caused by technological accidents, by human error or negligence.","Seepage or escape of toxic and/or radioactive substances, liquids, solids or gases (e.g., gas leak). This may be caused by technological accidents, by human error or negligence."
"STRUCTURE","CCCCCC","ESTRUCTURAL","2007-11-21 00:00:00",2008-01-01 00:00:00,"Colapso estructural","Structural collapse","D'écroulement des bâtiments","Colapso estrutural","Daño o colapso de cualquier tipo de estructuras (incluidas aquellas relacionadas con las redes eléctricas, acueducto o alcantarillado), debido a fenómenos como sobrecargas en escenarios públicos, puentes, falta de antenimiento, fatiga del material, diseños inadecuados. Incluye daños en estructuras, que sin llevarlas al colapso, las inhabilitan y que suelen ser reportadas como -fallas- (en el sentido de falla estructural). Los daños en estructuras inducidos por fenómenos naturales (p.e. sismos, deslizamientos, inundaciones, etc.) se reportan como efectos de ellos.  Palabras claves: falla estructural.","Damage to or collapse of any kind of structure (including those associated with electrical networks, aqueducts, or drainage) due to such phenomenon as overcrowding of public places, lack of maintenance, stressed materials, inadequate design. This term includes structural damage that, while not necessarily leading to collapse, renders the structure unusable. This type of damage may be reported as a –fault- (as in structural fault). The damage to structures caused by natural phenomenon (eg, earthquakes, landslides, flooding, etc) is reported as an effect of those phenomena. Key words: structural fault.","Damage to or collapse of any kind of structure (including those associated with electrical networks, aqueducts, or drainage) due to such phenomenon as overcrowding of public places, lack of maintenance, stressed materials, inadequate design. This term includes structural damage that, while not necessarily leading to collapse, renders the structure unusable. This type of damage may be reported as a –fault- (as in structural fault). The damage to structures caused by natural phenomenon (eg, earthquakes, landslides, flooding, etc) is reported as an effect of those phenomena. Key words: structural fault.","Damage to or collapse of any kind of structure (including those associated with electrical networks, aqueducts, or drainage) due to such phenomenon as overcrowding of public places, lack of maintenance, stressed materials, inadequate design. This term includes structural damage that, while not necessarily leading to collapse, renders the structure unusable. This type of damage may be reported as a –fault- (as in structural fault). The damage to structures caused by natural phenomenon (eg, earthquakes, landslides, flooding, etc) is reported as an effect of those phenomena. Key words: structural fault."
"EXPLOSION","94006B","EXPLOSION","2007-11-21 00:00:00",2008-01-01 00:00:00,"Explosión","Explosion","Explosion","Explosão","Liberación brusca de una gran cantidad de energía (térmica, química o nuclear), acompañada de estruendo y rotura violenta del recipiente que la contiene, produciendo calor, luz y gases. Incluye explosiones relacionadas con errores humanos o fallas en sistemas de infraestructura. En los inventarios (típicos) con DesInventar se excluyen actos de guerra o terrorismo.","Abrupt liberation of a large amount of energy (thermic, chemical or nuclear), accompanied by thunderous noise and violent rupture of the containing recipient, producing heat, light and gases. Includes explosions related to human error or faults in infrastructure systems. In the normal –DesInventar- inventories this term excludes acts of war or terrorism.","Abrupt liberation of a large amount of energy (thermic, chemical or nuclear), accompanied by thunderous noise and violent rupture of the containing recipient, producing heat, light and gases. Includes explosions related to human error or faults in infrastructure systems. In the normal –DesInventar- inventories this term excludes acts of war or terrorism.","Abrupt liberation of a large amount of energy (thermic, chemical or nuclear), accompanied by thunderous noise and violent rupture of the containing recipient, producing heat, light and gases. Includes explosions related to human error or faults in infrastructure systems. In the normal –DesInventar- inventories this term excludes acts of war or terrorism."
"FORESTFIRE","E6FF00","INCENDIOF;FORESTAL","2007-11-21 00:00:00",2008-01-01 00:00:00,"Incendio forestal","Forest fire","Des incendies de forêt","Incêndio florestal","Incluye todos los incendios en campo abierto en áreas rurales, sobre bosques nativos, bosques cultivados, praderas, etc.","Includes all types of fires in open land in rural areas, in natural woods, cultivated forests, meadows, prairies, etc.","Includes all types of fires in open land in rural areas, in natural woods, cultivated forests, meadows, prairies, etc.","Includes all types of fires in open land in rural areas, in natural woods, cultivated forests, meadows, prairies, etc."
"HAILSTORM","00CCCC"," ","2007-11-21 00:00:00",2008-01-01 00:00:00,"Granizada","Hail","Hail","Granizo","Agua congelada que desciende con violencia de las nubes en granos más o menos duros y gruesos, pero no en copos como la nieve. Palabras claves: granizo.","Small balls of frozen water which fall violently from clouds, mostly hard and thick, but not in flakes like snow. Key words: sleet, hailstone.","Small balls of frozen water which fall violently from clouds, mostly hard and thick, but not in flakes like snow. Key words: sleet, hailstone.","Small balls of frozen water which fall violently from clouds, mostly hard and thick, but not in flakes like snow. Key words: sleet, hailstone."
"FROST","83CAFF"," ","2007-11-21 00:00:00",2008-01-01 00:00:00,"Helada","Frost","Frost","Frost","Disminución de la temperatura con efectos nocivos en la población, cultivos, bienes y servicios. Palabras claves: ola de frío, friaje.","Fall in temperature with damaging effects on people, crops, goods and services. Key words: cold front, cold wave, freeze.","Fall in temperature with damaging effects on people, crops, goods and services. Key words: cold front, cold wave, freeze.","Fall in temperature with damaging effects on people, crops, goods and services. Key words: cold front, cold wave, freeze."
"HURRICANE","4700B8"," ","2007-11-21 00:00:00",2008-01-01 00:00:00,"Huracán","Hurricane","L'ouragan","Furacão","Depresión tropical que corresponde a una anomalía atmosférica violenta que gira a modo de torbellino caracterizado por fuentes vientos, acompañados por lluvia. Ocurren en el Mar Caribe y en el Océano Pacífico Tropical. Equivale a los ciclones en el Océano Índico y a los tifones en el Pacífico Occidental. Cuando el término -huracán- se haya usado en las fuentes para vientos huracanados, vendavales locales, torbellinos, borrascas, se reportarán como -vendaval-. Tormentas locales se reportarán como -tempestad-. Palabras claves: depresión tropical, ciclón, tifón.","Tropical depression relating to a violent atmospheric anomaly, characterised by strong winds and rain, which act like a whirlwind. It occurs in the Caribbean Sea and the tropical Pacific Ocean. Where the term –hurricane- has been used in sources to refer to hurricane winds, local gales, whirlwinds, storms etc, these will be reported as –gales-. Local storms are reported as –storms-. Key words: tropical depression, cyclone, typhoon.","Tropical depression relating to a violent atmospheric anomaly, characterised by strong winds and rain, which act like a whirlwind. It occurs in the Caribbean Sea and the tropical Pacific Ocean. Where the term –hurricane- has been used in sources to refer to hurricane winds, local gales, whirlwinds, storms etc, these will be reported as –gales-. Local storms are reported as –storms-. Key words: tropical depression, cyclone, typhoon.","Tropical depression relating to a violent atmospheric anomaly, characterised by strong winds and rain, which act like a whirlwind. It occurs in the Caribbean Sea and the tropical Pacific Ocean. Where the term –hurricane- has been used in sources to refer to hurricane winds, local gales, whirlwinds, storms etc, these will be reported as –gales-. Local storms are reported as –storms-. Key words: tropical depression, cyclone, typhoon."
"FIRE","FFFF66"," ","2007-11-21 00:00:00",2008-01-01 00:00:00,"Incendio","Fire","Incendie","Fogo","Incendios urbanos, industriales o rurales, diferentes a incendios forestales. ","Urban, industrial or rural fires, as distinct from forest fires.","Urban, industrial or rural fires, as distinct from forest fires.","Urban, industrial or rural fires, as distinct from forest fires."
"FLOOD","004586"," ","2007-11-21 00:00:00",2008-01-01 00:00:00,"Inundación","Inundation","Inondation","Inundações","Anegamiento o cubrimiento con agua de un terreno donde se localizen poblaciones, cultivos, bienes o infraestructura. Inundaciones por olas marinas en zonas litorales se reportarán con el término -marejada-.","Flooding or covering with water of an area where people, crops, goods or infrastructure are located. Flooding caused by sea waves in coastal areas will be reported using the term –oceanic surge-.","Flooding or covering with water of an area where people, crops, goods or infrastructure are located. Flooding caused by sea waves in coastal areas will be reported using the term –oceanic surge-.","Flooding or covering with water of an area where people, crops, goods or infrastructure are located. Flooding caused by sea waves in coastal areas will be reported using the term –oceanic surge-."
"LIQUEFACTION","800000"," ","2007-11-21 00:00:00",2008-01-01 00:00:00,"Licuación","Liquefaction","Liquéfaction","Liquefacção","Comportamiento momentáneo como un líquido de suelos granulares saturados de agua, perdiendo su capacidad de soportar pesos. A pesar de ser un fenómeno secundario o inducido por -sismo-, se ha incluido por ser causa de pérdidas y daños en muchas zonas habitadas, en áreas marítimas y continentales. Palabras claves: licuefacción.","Momentary behaviour as when granular soil is saturated by water, losing its capacity to bear weight. In spite of being a secondary phenomenon or caused by an –earthquake-, it has been included here as a cause of loss or damage in many inhabited areas, coastal as well as continental. Key words: liquefaction","Momentary behaviour as when granular soil is saturated by water, losing its capacity to bear weight. In spite of being a secondary phenomenon or caused by an –earthquake-, it has been included here as a cause of loss or damage in many inhabited areas, coastal as well as continental. Key words: liquefaction","Momentary behaviour as when granular soil is saturated by water, losing its capacity to bear weight. In spite of being a secondary phenomenon or caused by an –earthquake-, it has been included here as a cause of loss or damage in many inhabited areas, coastal as well as continental. Key words: liquefaction"
"COASTLINE","579D1C"," ","2007-11-21 00:00:00",2008-01-01 00:00:00,"Cambio línea de costa","Change in coastline","Variation de la côte","Mudança no litoral","Variación de la línea costera y/o de las zonas marítimas próximas a la costa. Incluye formación y destrucción de islas, playas y barras de arena, erosión de acantilados, con efectos sobre poblaciones, sobre la navegación, etc. ","Variation in the coastline and/or maritime areas near the coast. Includes the formation and destruction of islands, beaches and sand-dunes, erosion of cliffs, with effects on population, on navigation, etc.","Variation in the coastline and/or maritime areas near the coast. Includes the formation and destruction of islands, beaches and sand-dunes, erosion of cliffs, with effects on population, on navigation, etc.","Variation in the coastline and/or maritime areas near the coast. Includes the formation and destruction of islands, beaches and sand-dunes, erosion of cliffs, with effects on population, on navigation, etc."
"RAIN","0084D1"," ","2007-11-21 00:00:00",2008-01-01 00:00:00,"Lluvias","Rainfall","Les précipitations","Pluviosidade","Precipitación pluvial. Incluye lluvias puntuales, persistentes o torrenciales en una región específica, así como períodos largos de precipitaciones. Palabras claves: aguacero, chaparrón, chubasco, diluvio, páramo (llovizna persistente cuando desemboca en desastres, por ejemplo en regiones áridas o semiáridas), turbonada.","Pluvial precipitation. Includes isolated, persistent or torrential rainfall in a specific region, as well as longer periods of rainfall. Key words: storm, deluge, cloudburst, downpour, showers (persistent drizzle when resulting in disasters, for example, in arid or semi-arid regions), squall.","Pluvial precipitation. Includes isolated, persistent or torrential rainfall in a specific region, as well as longer periods of rainfall. Key words: storm, deluge, cloudburst, downpour, showers (persistent drizzle when resulting in disasters, for example, in arid or semi-arid regions), squall.","Pluvial precipitation. Includes isolated, persistent or torrential rainfall in a specific region, as well as longer periods of rainfall. Key words: storm, deluge, cloudburst, downpour, showers (persistent drizzle when resulting in disasters, for example, in arid or semi-arid regions), squall."
"SURGE","006B6B"," ","2007-11-21 00:00:00",2008-01-01 00:00:00,"Marejada","Storm surge","Des ondes de tempête","Storm aumento súbito","Llegada de grandes olas al litoral, causados por huracanes, vendavales, tempestades; por coincidencia entre la dirección de los vientos y períodos de marea alta o por aumentos del nivel medio del mar durante el fenómeno El Niño. En algunos lugares se llama -creciente- o -puja- a la subida de las mareas hasta los niveles máximos quincenales y -cordonazo- a los máximos anuales. Excluye los reportes asociados con tsunami o maremoto. Palabras claves: creciente, puja, cordonazo, maretazo, mareta.","Massive waves along the coast, caused by hurricanes, gales, storms; convergence the direction of winds and periods of high tide, or by increases in sea level due to the phenomenon El Niño. In some areas the rising of sea levels to maximum fortnightly heights is known as –flood tide- and – spring tide– applies to yearly maximums. Key words: flood tide, storm tide, swell.","Massive waves along the coast, caused by hurricanes, gales, storms; convergence the direction of winds and periods of high tide, or by increases in sea level due to the phenomenon El Niño. In some areas the rising of sea levels to maximum fortnightly heights is known as –flood tide- and – spring tide– applies to yearly maximums. Key words: flood tide, storm tide, swell.","Massive waves along the coast, caused by hurricanes, gales, storms; convergence the direction of winds and periods of high tide, or by increases in sea level due to the phenomenon El Niño. In some areas the rising of sea levels to maximum fortnightly heights is known as –flood tide- and – spring tide– applies to yearly maximums. Key words: flood tide, storm tide, swell."
"FOG","E6E6FF"," ","2007-11-21 00:00:00",2008-01-01 00:00:00,"Neblina","Fog","Brouillard","Nevoeiro","Masas de nubes que descienden hasta o se generan desde la superficie terrestre y que implican efectos sobre el transporte o cualquier otra actividad, por disminución de la visibilidad. Excluye falta de visibilidad por contaminación generada por polución, así sea generada por incendios de cualquier tipo. Palabras claves: Niebla.","Cloud banks which descend to or rise from the earth surface and which imply effects on transport or other activities, due to loss of visibility. This term excludes loss of visibility due to contamination generated by pollution, including fires of any type. Key words: mist.","Cloud banks which descend to or rise from the earth surface and which imply effects on transport or other activities, due to loss of visibility. This term excludes loss of visibility due to contamination generated by pollution, including fires of any type. Key words: mist.","Cloud banks which descend to or rise from the earth surface and which imply effects on transport or other activities, due to loss of visibility. This term excludes loss of visibility due to contamination generated by pollution, including fires of any type. Key words: mist."
"SNOWSTORM","CCFFFF"," ","2007-11-21 00:00:00",2008-01-01 00:00:00,"Nevada","Snowfall","Chutes de neige","Neve","Caída y acumulación de nieve. Palabras claves: nieve.","Fall and accumulation of snow. Key words: snow.","Fall and accumulation of snow. Key words: snow.","Fall and accumulation of snow. Key words: snow."
"HEATWAVE","FF950E"," ","2007-11-21 00:00:00",2008-01-01 00:00:00,"Ola de calor","Heatwave","Canicule","Heatwave","Aumento de la temperatura en una región con efectos sobre poblaciones humanas, cultivos, bienes y servicios.","Increase in temperature in a region which affects people, crops, goods and services.","Increase in temperature in a region which affects people, crops, goods and services.","Increase in temperature in a region which affects people, crops, goods and services."
"PANIC","FFD320"," ","2007-11-21 00:00:00",2008-01-01 00:00:00,"Pánico","Panic","Panic","Panic","Pánico o histeria colectiva en eventos masivos (estadios, salas de cine, etc.) que conduce a muertes, heridos y/o destrozos materiales. Cuando el pánico ha sido inducido por fenómenos naturales (p.e. sismos, deslizamientos, inundaciones, etc.) se reportará como efecto de ellos, siempre que hayan daños o efectos asociados. ","Panic or collective hysteria in mass events (stadiums, cinema halls, etc) which leads to death, injury and/or destroyed materials. When the panic is induced by natural phenomena (eg. earthquakes, landslides, floods, etc) it will be reported as effects of these events, always assuming there is damage or associated effects.","Panic or collective hysteria in mass events (stadiums, cinema halls, etc) which leads to death, injury and/or destroyed materials. When the panic is induced by natural phenomena (eg. earthquakes, landslides, floods, etc) it will be reported as effects of these events, always assuming there is damage or associated effects.","Panic or collective hysteria in mass events (stadiums, cinema halls, etc) which leads to death, injury and/or destroyed materials. When the panic is induced by natural phenomena (eg. earthquakes, landslides, floods, etc) it will be reported as effects of these events, always assuming there is damage or associated effects."
"PLAGUE","94BD5E"," ","2007-11-21 00:00:00",2008-01-01 00:00:00,"Plaga","Plagues","Plagues","Pragas","Proliferación de organismos que afectan a comunidades, a la agricultura, a la ganadería o a bienes perecederos almacenados. Por ejemplo: ratas, langostas, abejas africanizadas, etc.","Proliferation of organisms which affect communities, agriculture, livestock or fishing goods. For example: rats, locusts, African bees, etc. ","Proliferation of organisms which affect communities, agriculture, livestock or fishing goods. For example: rats, locusts, African bees, etc. ","Proliferation of organisms which affect communities, agriculture, livestock or fishing goods. For example: rats, locusts, African bees, etc. "
"SEDIMENTATION","996633"," ","2007-11-21 00:00:00",2008-01-01 00:00:00,"Sedimentación","Sedimentation","La sédimentation","Sedimentação","Depositación de material sólido producido por movimientos de masa en laderas por erosión superficial, en cauces de ríos, por inundaciones, avenidas torrenciales, aludes, marejadas o tsunami.","Deposits of solid material produced by mass movement of hillside due to superficial erosion, along riverbanks, by flood, flash flood, torrential flow of water, avalanche, tidal surges, or tsunami.","Deposits of solid material produced by mass movement of hillside due to superficial erosion, along riverbanks, by flood, flash flood, torrential flow of water, avalanche, tidal surges, or tsunami.","Deposits of solid material produced by mass movement of hillside due to superficial erosion, along riverbanks, by flood, flash flood, torrential flow of water, avalanche, tidal surges, or tsunami."
"DROUGHT","FFD320"," ","2007-11-21 00:00:00",2008-01-01 00:00:00,"Sequía","Drought","Touchés par la sécheresse","Seca","Temporada seca, sin lluvias, o con déficit de lluvias. En general se trata de períodos prolongados (meses, años, incluso decenios), que pueden ocurrir en áreas continentales restringidas o a escalas regionales. Excluye -Ola de calor- aunque una -Ola de calor- puede ocurrir durante un periodo de -Sequía-.","Period of dryness, without rainfall or insufficient rainfall. Generally it refers to prolonged periods (months, years or even decades) which may occur in restricted continental areas or in regional steppes escalas . Excludes – Heatwave – although a –Heatwave- may occur during a period of drought. ","Period of dryness, without rainfall or insufficient rainfall. Generally it refers to prolonged periods (months, years or even decades) which may occur in restricted continental areas or in regional steppes escalas . Excludes – Heatwave – although a –Heatwave- may occur during a period of drought. ","Period of dryness, without rainfall or insufficient rainfall. Generally it refers to prolonged periods (months, years or even decades) which may occur in restricted continental areas or in regional steppes escalas . Excludes – Heatwave – although a –Heatwave- may occur during a period of drought. "
"EARTHQUAKE","C5000B"," ","2007-11-21 00:00:00",2008-01-01 00:00:00,"Sismo","Earthquake","Tremblement de terre","Terremoto","Se denomina sismo o terremoto a las sacudidas bruscas del terreno causadas por el movimiento de las placas tectónicas. Palabras claves: terremoto, movimiento telúrico, temblor, terremoto, tremor, seismo.","An earthquake or a quake is the abrupt shaking of the earth caused by movement of tectonic plates. Key words: tremor, quake, upheaval, seismic movement.","An earthquake or a quake is the abrupt shaking of the earth caused by movement of tectonic plates. Key words: tremor, quake, upheaval, seismic movement.","An earthquake or a quake is the abrupt shaking of the earth caused by movement of tectonic plates. Key words: tremor, quake, upheaval, seismic movement."
"STORM","280099"," ","2007-11-21 00:00:00",2008-01-01 00:00:00,"Tempestad","Storm","Storm","Storm","Lluvia acompañada de vientos fuertes y/o de descargas eléctricas (rayos, relámpagos). En general y también en razón de connotaciones regionales, puede no ser posible diferenciar entre -tempestad- y -vendaval-. Palabras claves: tormenta.","Rainfall accompanied by strong winds and/or electrical discharge (lightning flashes).  Generally and also due to regional connotations it may be impossible to distinguish between a – storm- and a –gale-. Key words: tempest.","Rainfall accompanied by strong winds and/or electrical discharge (lightning flashes).  Generally and also due to regional connotations it may be impossible to distinguish between a – storm- and a –gale-. Key words: tempest.","Rainfall accompanied by strong winds and/or electrical discharge (lightning flashes).  Generally and also due to regional connotations it may be impossible to distinguish between a – storm- and a –gale-. Key words: tempest."
"ELECTRICSTORM","4B1F0B"," ","2007-11-21 00:00:00",2008-01-01 00:00:00,"Tormenta eléctrica","Electrical storm","Orage électrique","Tempestades elétricas","Concentración de descargas estáticas atmosféricas (rayos), con efectos sobre humanos, animales y bienes domésticos, infraestructura (por ejemplo sobre redes eléctricas, conduciendo a apagones), o sobre la industria. Se diferencia de -Tempestad- en que no está acompañada de lluvias y vientos fuertes.","Concentration of atmospheric electrical discharge (lightning) with effects on people, animals and domestic goods, infrastructure (for example, on electrical networks resulting in power cuts), or industry. This term is distinct from –storm- in that it is not accompanied by rain and strong winds.","Concentration of atmospheric electrical discharge (lightning) with effects on people, animals and domestic goods, infrastructure (for example, on electrical networks resulting in power cuts), or industry. This term is distinct from –storm- in that it is not accompanied by rain and strong winds.","Concentration of atmospheric electrical discharge (lightning) with effects on people, animals and domestic goods, infrastructure (for example, on electrical networks resulting in power cuts), or industry. This term is distinct from –storm- in that it is not accompanied by rain and strong winds."
"TORNADO","CCCCFF"," ","2007-11-21 00:00:00",2008-01-01 00:00:00,"Tornado","Tornado","Tornado","Tornado","Columna de vientos fuertes en remolino en forma de embudo que llega a la tierra desde nubes cúmulonimbus. Puede incluir lluvia, granizo y rayos. ","A column of strong, spinning wind in the shape of a funnel which comes to the earth from cumulonimbus clouds. May include rain, hail and lightning.","A column of strong, spinning wind in the shape of a funnel which comes to the earth from cumulonimbus clouds. May include rain, hail and lightning.","A column of strong, spinning wind in the shape of a funnel which comes to the earth from cumulonimbus clouds. May include rain, hail and lightning."
"TSUNAMI","9966CC"," ","2007-11-21 00:00:00",2008-01-01 00:00:00,"Tsunami","Tsunami","Tsunami","Tsunami","Aplicado a olas generadas por movimiento en el fondo del mar, generado por sismos, erupciones volcánicas o deslizamientos. Los términos marejada, maretazo, cordonazo o mareta, serán reportados como -Marejada-, si no corresponden a -Tsunami- en sentido estricto. Palabras claves: maremoto.","Applied to waves generated by movement at the bottom of the sea by earthquakes, volcanic eruptions or landslides. The terms –storm surge-, flood tide, surge, or swell will be reported as –storm surge- if they do not strictly correspond to a –Tsunami-.","Applied to waves generated by movement at the bottom of the sea by earthquakes, volcanic eruptions or landslides. The terms –storm surge-, flood tide, surge, or swell will be reported as –storm surge- if they do not strictly correspond to a –Tsunami-.","Applied to waves generated by movement at the bottom of the sea by earthquakes, volcanic eruptions or landslides. The terms –storm surge-, flood tide, surge, or swell will be reported as –storm surge- if they do not strictly correspond to a –Tsunami-."
"STRONGWIND","9999FF"," ","2007-11-21 00:00:00",2008-01-01 00:00:00,"Vendaval","Gale","Gale","Gale","Perturbación atmosférica que genera vientos fuertes y destructivos, generalmente sin lluvia. Excluye -Tornado- y Ciclón. Palabras claves: temporal, vientos huracanados, torbellinos, borrasca, viento fuerte, ventisca, tromba, ráfaga, racha.","Atmospheric disturbance which generates strong, destructive winds, normally without rain. Excludes –Tornado- and –Cyclone- Key words: wind, strong wind, hurricane-force winds, whirlwind, squall, blizzard, typhoon, gust.     ","Atmospheric disturbance which generates strong, destructive winds, normally without rain. Excludes –Tornado- and –Cyclone- Key words: wind, strong wind, hurricane-force winds, whirlwind, squall, blizzard, typhoon, gust.     ","Atmospheric disturbance which generates strong, destructive winds, normally without rain. Excludes –Tornado- and –Cyclone- Key words: wind, strong wind, hurricane-force winds, whirlwind, squall, blizzard, typhoon, gust.     "
"OTHER","000000"," ","2007-11-21 00:00:00",2008-01-01 00:00:00,"Otro","Other","Autre","Outro","Cuando el desastre no está relacionado con ninguno de los tipos de eventos anteriormente presentados. Antes de usar este tipo de evento agote las opciones de seleccionar alguno de los eventos de la lista, si el evento es recurrente en su inventario y no hay nada en la lista que le corresponda sugerimos crear un nuevo evento.","When the disaster is not related to any of the aforementioned terms. Before using this term to refer to an event, the possibility of using events already listed should be eliminated. If the event recurs in the inventory and there is nothing that covers this event in the list, we suggest creating a new event.","When the disaster is not related to any of the aforementioned terms. Before using this term to refer to an event, the possibility of using events already listed should be eliminated. If the event recurs in the inventory and there is nothing that covers this event in the list, we suggest creating a new event.","When the disaster is not related to any of the aforementioned terms. Before using this term to refer to an event, the possibility of using events already listed should be eliminated. If the event recurs in the inventory and there is nothing that covers this event in the list, we suggest creating a new event."
