Caqueta,Caquetá
Bogota,Bogotá D.C.
Valle Del Cauca,Valle del Cauca
Vaupes,Vaupés
NariÑo,Nariño
SANTAFE DE BOGOTA,BOGOTÁ D.C.
MITU,MITÚ
CARTAGENA DEL CHAIRA,CARTAGENA DEL CHAIRÁ
PIENDAMO,PIENDAMÓ
ROBERTO PAYAN,ROBERTO PAYÁN
MEDELLIN,MEDELLÍN
LIBANO,LÍBANO
Choco,Chocó
Bolivar,Bolívar
MARIA LA BAJA,MARÍA LA BAJA
SUAREZ,SUÁREZ
AMAGA,AMAGÁ
QUIBDO,QUIBDÓ
TUMACO,SAN ANDRES DE TUMACO
LANDAZURI,LANDÁZURI
GARZON,GARZÓN
TAMESIS,TÁMESIS
MEDIO BAUDO,MEDIO BAUDÓ
BAHIA SOLANO,BAHÍA SOLANO
GIRON,GIRÓN
VIOTA,VIOTÁ
Boyaca,Boyacá
BUGA,GUADALAJARA DE BUGA
ANCUYA,ANCUYÁ
ITSMINA,ISTMINA
UNION PANAMERICANA,UNIÓN PANAMERICANA
PATIA(EL BORDO),PATÍA
CAJIBIO,CAJIBÍO
BELEN DE LOS ANDAQUIES,BELÉN DE LOS ANDAQUÍES
SAN JOSE DE FRAGUA,SAN JOSÉ DEL FRAGUA
SANTA MARIA,SANTA MARÍA
TIMBIO,TIMBÍO
POPAYAN,POPAYÁN
VELEZ,VÉLEZ
SINCE,SINCELEJO
ALCALA,ALCALÁ
ARIGUANI,ARIGUANÍ
TULUA,TULUÁ
EL TABLON,EL TABLÓN DE GÓMEZ
IBAGUE,IBAGUÉ
Atlantico,Atlántico
Norte De Santander,Norte de Santander
TIMANA,TIMANÁ
LOPEZ,LÓPEZ
PACORA,PÁCORA
SAMANA,SAMANÁ
MISTRATO,MISTRATÓ
FUNDACION,FUNDACIÓN
CHARALA,CHARALÁ
CACHIRA,CACHIRÁ
FACATATIVA,FACATATIVÁ
SAN AGUSTIN,SAN AGUSTÍN
SAN SEBASTIAN,SAN SEBASTIÁN
PUERTO BOYACA,PUERTO BOYACÁ
ZIPAQUIRA,ZIPAQUIRÁ
JAMUNDI,JAMUNDÍ
TIMBIQUI,TIMBIQUÍ
CUCUTA,CÚCUTA
VISTA HERMOSA,VISTAHERMOSA
PAZ DE RIO,PAZ DE RÍO
MAGUI,MAGÜI
LOS ANDES SOTOMAYOR,LOS ANDES
DARIEN-CALIMA,CALIMA
SAN JERONIMO,SAN JERÓNIMO
TUQUERRES,TÚQUERRES
APIA,APÍA
ACHI,ACHÍ
MALAGA,MÁLAGA
APARTADO,APARTADÓ
MUTATA,MUTATÁ
ARBELAEZ,ARBELÁEZ
BOLIVAR,BOLÍVAR
LLANADA,LA LLANADA
MARIQUITA,SAN SEBASTIÁN DE MARIQUITA
CANTON DE SAN PABLO,EL CANTÓN DEL SAN PABLO
CARMEN DE ATRATO,EL CARMEN DE ATRATO
HERRAN,HERRÁN
LERIDA,LÉRIDA
PUERTO ASIS,PUERTO ASÍS
JERICO,JERICÓ
SANTA BARBARA,SANTA BÁRBARA
DON MATIAS,DONMATÍAS
SUPIA,SUPÍA
BELEN DE UMBRIA,BELÉN DE UMBRÍA
ANDALUCIA,ANDALUCÍA
Cordoba,Córdoba
LOS CORDOBAS,LOS CÓRDOBAS
TOPAIPI,TOPAIPÍ
GUTIERREZ,GUTIÉRREZ
CHOACHI,CHOACHÍ
SANDONA,SANDONÁ
CACERES,CÁCERES
NECHI,NECHÍ
MURINDO,MURINDÓ
SANTA FE DE ANTIOQUIA,SANTAFÉ DE ANTIOQUIA
VIGIA DEL FUERTE,VIGÍA DEL FUERTE
PURIFICACION,PURIFICACIÓN
PUERTO BERRIO,PUERTO BERRÍO
BELALCAZAR,BELALCÁZAR
CHINCHINA,CHINCHINÁ
SAN JOSE,SAN JOSÉ
PATIA,PATÍA
BELTRAN,BELTRÁN
SAN JOAQUIN,SAN JOAQUÍN
FLORIAN,FLORIÁN
SAN VICENTE DE CHUCURI,SAN VICENTE DE CHUCURÍ
MESITAS DEL COLEGIO,EL COLEGIO
LA UNION,LA UNIÓN
EL AGUILA,EL ÁGUILA
YONDO,YONDÓ
GUACHENE,GUACHENÉ
PUERTO LOPEZ,PUERTO LÓPEZ
TIBU,TIBÚ
PURACE,PURACÉ
EBEJICO,EBÉJICO
TUNUNGUA,TUNUNGUÁ
PUERTO LEGUIZAMO,PUERTO LEGUÍZAMO
PUERTO GUZMAN,PUERTO GUZMÁN
CHACHAGUI,CHACHAGÜÍ
INZA,INZÁ
SAN MARTIN,SAN MARTÍN
SIMITI,SIMITÍ
RIOVIEJO,RÍO VIEJO
SANTACRUZ DE GUACHAVES,SANTACRUZ
CHIRIGUANA,CHIRIGUANÁ
CURUMANI,CURUMANÍ
MANI,MANÍ
OROCUE,OROCUÉ
EL PEÑON,EL PEÑÓN
NUQUI,NUQUÍ
SANTA BARBARA DE ISCUANDE,SANTA BÁRBARA
CHITAGA,CHITAGÁ
CODAZZI,AGUSTÍN CODAZZI
GUALMATAN,GUALMATÁN
LOPEZ DE MICAY,LÓPEZ
MONTERIA,MONTERÍA
BARRANCA DE UPIA,BARRANCA DE UPÍA
POTOSI,POTOSÍ
ZAPAYAN,ZAPAYÁN
TAMARA,TÁMARA
MONTELIBANO,MONTELÍBANO
BAGADO,BAGADÓ
NUNCHIA,NUNCHÍA
CIUDAD BOLIVAR,CIUDAD BOLÍVAR
COLON,COLÓN
RIO QUITO,RÍO QUITO
CONSACA,CONSACÁ
CHINACOTA,CHINÁCOTA
VILLARICA,VILLARRICA
SANTA ROSALIA,SANTA ROSALÍA
SAN JOSE DEL GUAVIARE,SAN JOSÉ DEL GUAVIARE
HATOCOROZAL,HATO COROZAL
SANTA BARBARA DE PINTO,SANTA BÁRBARA DE PINTO
PURISIMA,PURÍSIMA
MAGANGUE,MAGANGUÉ
SAMPUES,SAMPUÉS
CALIMA DARIEN,CALIMA
SAHAGUN,SAHAGÚN
SAN CRISTOBAL,SAN CRISTÓBAL
CORDOBA,CÓRDOBA
ARENAL SUR,ARENAL
MARIPI,MARIPÍ
SUSACON,SUSACÓN
CUCUNUBA,CUCUNUBÁ
EL CARMEN DE CHUCURI,EL CARMEN DE CHUCURÍ
MONIQUIRA,MONIQUIRÁ
SAN JOSE DEL PALMAR,SAN JOSÉ DEL PALMAR
SAN ANTONIO DE PALMITO,PALMITO
TUBARA,TUBARÁ
ARGENTINA,LA ARGENTINA
NATAGA,NÁTAGA
VILLA VIEJA,VILLAVIEJA
ARROYO HONDO,ARROYOHONDO
ALTO BAUDO,ALTO BAUDÓ
CHIGORODO,CHIGORODÓ
QUIPAMA,QUÍPAMA
SAN SEBASTIAN,SAN SEBASTIÁN DE BUENAVISTA
CERETE,CERETÉ
GALAN,GALÁN
NOVITA,NÓVITA
GUACARI,GUACARÍ
SANTO TOMAS,SANTO TOMÁS
NECOCLI,NECOCLÍ
REPELON,REPELÓN
PUEBLO VIEJO,PUEBLOVIEJO
CARCASI,CARCASÍ
PLAYON,EL PLAYÓN
CONVENCION,CONVENCIÓN
CERRO DE SAN ANTONIO,CERRO SAN ANTONIO
CIENAGA,CIÉNAGA
MANATI,MANATÍ
SANTA LUCIA,SANTA LUCÍA
USIACURI,USIACURÍ
GOMEZ PLATA,GÓMEZ PLATA
RIOFRIO,RIOFRÍO
SAN JOSE DEL FRAGUA,SAN JOSÉ DEL FRAGUA
VILLA GARZON,VILLAGARZÓN
LEJANIAS,LEJANÍAS
IMUES,IMUÉS
MAGUI PAYAN,MAGÜI
YOLOMBO,YOLOMBÓ
CAPARRAPI,CAPARRAPÍ
ACACIAS,ACACÍAS
MOMPOX,MOMPÓS
CARMEN DE APICALA,CARMEN DE APICALÁ
YACOPI,YACOPÍ
SOPETRAN,SOPETRÁN
MARIALABAJA,MARÍA LA BAJA
GENOVA,GÉNOVA
ANZOATEGUI,ANZOÁTEGUI
SAN JOSE CALDAS,SAN JOSÉ
UBALA,UBALÁ
JARDIN,JARDÍN
CARMEN DEL DARIEN,CARMEN DEL DARIÉN
BAJO BAUDO,BAJO BAUDÓ
FUSAGASUGA,FUSAGASUGÁ
EL DIFICIL,EL DIFÍCIL
San Andres,Archipiélago de San Andrés Providencia y Santa Catalina
DISTRACCION,DISTRACCIÓN
ARMERO GUAYABAL,ARMERO
EL PLAYON,EL PLAYÓN
HERBEO,HERVEO
SOCOTA,SOCOTÁ
EL DARIEN,CALIMA
COCONUCO,PURACÉ
JAMBALO,JAMBALÓ
LITORAL DEL SAN JUAN,EL LITORAL DEL SAN JUAN
VENATAQUEMADA,VENTAQUEMADA
NOROSI,NOROSÍ
SAN MARTIN DE LOBA,SAN MARTÍN DE LOBA
SANTA ROSA DE LIMA,SANTA ROSA
CERTEGUI,CÉRTEGUI
VIANI,VIANÍ
GUATAQUI,GUATAQUÍ
ALBAN,ALBÁN
ANAPIOMA,ANAPOIMA,
CAJICA,CAJICÁ
CHAGUANI,CHAGUANÍ
CIENAGA DE ORO,CIÉNAGA DE ORO
JERUSALEN,JERUSALÉN
PULI,PULÍ
SIBATE,SIBATÉ
ZIPACON,ZIPACÓN
CEPITA,CEPITÁ
CHIQUIZA,CHÍQUIZA
VILLAGOMEZ,VILLAGÓMEZ
SAN JUAN DE RIOSECO,SAN JUAN DE RÍO SECO
GUICAN,GÜICÁN
VILLAMARIA,VILLAMARÍA
LABRANZA GRANDE,LABRANZAGRANDE
NUEVO COLON,NUEVO COLÓN
OICATA,OICATÁ
RAMIRIQUI,RAMIRIQUÍ
RAQUIRA,RÁQUIRA
SANTA SOFIA,SANTA SOFÍA
TINJACA,TINJACÁ
TURMEQUE,TURMEQUÉ
UVITA,LA UVITA
SAN JOSE DE PARE,SAN JOSÉ DE PARE
TADO,TADÓ
TOLU,SANTIAGO DE TOLÚ
ACARI,HACARÍ
EL BORDO,PATÍA
SIPI,SIPÍ
CACOTA,CÁCOTA
YAGUARA,YAGUARÁ
EL PITAL,PITAL
VEGACHI,VEGACHÍ
PUEBLORICO,PUEBLORRICO
TABLON DE GOMEZ,EL TABLÓN DE GÓMEZ
BELEN,BELÉN
SAN SEBASTIAN,SAN SEBASTIÁN
